<Module
    xmlns:xsi="http://www.w3.org/2001/XMLSchema-instance"
    xsi:noNamespaceSchemaLocation="../FrankConfig.xsd">
    <Adapter name="adapterProcessDestination">
        <Receiver name="receiverProcessDestination">
            <JavaListener name="listenerProcessDestination" serviceName="listenerProcessDestination"/>
        </Receiver>
        <Pipeline firstPipe="pipeCheckProductIdExists" transactionAttribute="RequiresNew">
            <Exits>
                <Exit state="SUCCESS" name="EXIT" code="200"/>
            </Exits>
            <SenderPipe name="pipeCheckProductIdExists">
                <FixedQuerySender
                    name="senderCheckProductIdExists"
                    queryType="SELECT"
                    query="SELECT COUNT(*) AS cnt FROM product WHERE productId = ?"
                    datasourceName="jdbc/${instance.name.lc}"
                    maxRows="1"
                    includeFieldDefinition="false">
                    <Param name="id" xpathExpression="/apartment/productId"/>
                </FixedQuerySender>
                <Forward name="success" path="pipeChooseInsertOrUpdate"/>
            </SenderPipe>
            <IfPipe
                name="pipeChooseInsertOrUpdate"
                xpathExpression="/result/rowset/row/field"
                expressionValue="0">
                <Forward name="then" path="pipeDoInsert" />
                <Forward name="else" path="pipeDoUpdate" />
            </IfPipe>
            <SenderPipe
                name="pipeDoInsert"
                getInputFromSessionKey="originalMessage">
                <FixedQuerySender
                    name="senderDoInsert"
                    query="INSERT INTO product VALUES(?, ?, ?, ?)"
                    datasourceName="jdbc/${instance.name.lc}">
                    <Param name="id" xpathExpression="/apartment/productId"/>
                    <Param name="address" xpathExpression="/apartment/address"/>
                    <Param name="description" xpathExpression="/apartment/description"/>
                    <Param name="price" xpathExpression="/apartment/price"/>
                </FixedQuerySender>
                <Forward name="success" path="EXIT"/>
            </SenderPipe>
            <SenderPipe
                name="pipeDoUpdate"
                getInputFromSessionKey="originalMessage">
                <FixedQuerySender
                    name="senderDoUpdate"
                    query="UPDATE product SET address = ?, description = ?, price = ? WHERE productId = ?"
                    datasourceName="jdbc/${instance.name.lc}">
                    <Param name="address" xpathExpression="/apartment/address"/>
                    <Param name="description" xpathExpression="/apartment/description"/>
                    <Param name="price" xpathExpression="/apartment/price"/>
                    <Param name="id" xpathExpression="/apartment/productId"/>
                </FixedQuerySender>
            </SenderPipe>
        </Pipeline>
    </Adapter>
</Module>