<Module
    xmlns:xsi="http://www.w3.org/2001/XMLSchema-instance"
    xsi:noNamespaceSchemaLocation="../FrankConfig.xsd">
    <Adapter name="adapterGetDestinations">
        <Receiver name="receiverGetDestinations">
            <DirectoryListener
                name="listenerDestinationsDirectory"
                root="${work}"
                inputFolder="input"
                inProcessFolder="processing"
                processedFolder="processed"
                errorFolder="error"
                fileTimeSensitive="true"/>
        </Receiver>
        <Pipeline firstPipe="pipeParseCSV">
            <Exits>
                <Exit name="EXIT" state="SUCCESS" code="200"/>
            </Exits>
            <BatchFileTransformerPipe
                name="pipeParseCSV">
                <recordHandler
                    name="recordHandlerGetDestinations"
                    className="org.frankframework.batch.RecordXmlTransformer"
                    inputSeparator=";"
                    outputFields="
                        productId,
                        address,
                        description,
                        price
                    "
                    rootTag="apartment"
                />
                <resultHandler
                    name="resultHandlerGetDestinations"
                    className="org.frankframework.batch.Result2StringWriter"/>
                <Forward name="success" path="pipeSendApartments"/>
            </BatchFileTransformerPipe>
            <ForEachChildElementPipe
                name="pipeSendApartments"
                elementXPathExpression="/document/apartment">
                <IbisJavaSender
                    name="senderSendApartments"
                    serviceName="listenerProcessDestination"/>
            </ForEachChildElementPipe>
        </Pipeline>
    </Adapter>
</Module>