<Module
  xmlns:xsi="http://www.w3.org/2001/XMLSchema-instance"
  xsi:noNamespaceSchemaLocation="../FrankConfig.xsd">
  <Adapter name="adapterCheckExpiration">
      <Receiver name="receiverCheckExpiration">
          <JavaListener name="listenerCheckExpiration" serviceName="listenerCheckExpiration"/>
      </Receiver>
      <Pipeline firstPipe="pipeQueryHowManyExpired">
          <Exits>
              <Exit state="SUCCESS" name="EXIT" code="200"/>
          </Exits>
          <SenderPipe name="pipeQueryHowManyExpired">
              <FixedQuerySender
                  name="senderQueryHowManyExpired"
                  datasourceName="jdbc/${instance.name.lc}"
                  queryType="SELECT"
                  query="SELECT COUNT(*) AS cnt FROM product WHERE DATEDIFF(SECOND, modificationDate, NOW()) >= 120"/>
              <Forward name="success" path="pipeStoreNumExpired"/>
          </SenderPipe>
          <XsltPipe
              name="pipeStoreNumExpired"
              xpathExpression="/result/rowset/row/field"
              outputType="XML"
              storeResultInSessionKey="numExpired">
              <Forward name="success" path="pipeProduceLogMessage"/>
          </XsltPipe>
          <XsltPipe
              name="pipeProduceLogMessage"
              xpathExpression="concat('There were ', /field, ' expired apartments')"
              storeResultInSessionKey="logMessage">
              <Forward name="success" path="pipeChooseLogWriter"/>
          </XsltPipe>
          <IfPipe
              name="pipeChooseLogWriter"
              xpathExpression="/field"
              expressionValue="0"
              getInputFromSessionKey="numExpired">
              <Forward name="then" path="pipeWriteLogMessageInfo"/>
              <Forward name="else" path="pipeWriteLogMessageError"/>
          </IfPipe>
          <SenderPipe
              name="pipeWriteLogMessageError"
              getInputFromSessionKey="logMessage">
              <LogSender
                  name="senderWriteLogMessageError"
                  logLevel="ERROR"/>
              <Forward name="success" path="EXIT"/>
          </SenderPipe>
          <SenderPipe
              name="pipeWriteLogMessageInfo"
              getInputFromSessionKey="logMessage">
              <LogSender
                  name="senderWriteLogMessageInfo"
                  logLevel="INFO"/>
              <Forward name="success" path="EXIT"/>
          </SenderPipe>
      </Pipeline>
  </Adapter>
</Module>