<?xml version="1.0" encoding="UTF-8"?>

<databaseChangeLog
        xmlns="http://www.liquibase.org/xml/ns/dbchangelog"
        xmlns:xsi="http://www.w3.org/2001/XMLSchema-instance"
        xmlns:ext="http://www.liquibase.org/xml/ns/dbchangelog-ext"
        xsi:schemaLocation="http://www.liquibase.org/xml/ns/dbchangelog http://www.liquibase.org/xml/ns/dbchangelog/dbchangelog-3.0.xsd
        http://www.liquibase.org/xml/ns/dbchangelog-ext http://www.liquibase.org/xml/ns/dbchangelog/dbchangelog-ext.xsd">
    <changeSet id="1" author="martijn">
        <createTable tableName="message">
            <column name="id" type="int">  
                <constraints  primaryKey="true" nullable="false"/>  
            </column>
            <column name="message" type="VARCHAR(30)">
                <constraints nullable="false"/>
            </column>
        </createTable>
    </changeSet>
	<changeSet id="2" author="liquibase-docs">
        <addAutoIncrement
            tableName="message"
            columnDataType="int"
            columnName="id"
            incrementBy="1"
            schemaName="public"
            startWith="1"
            />
    </changeSet>
    <changeSet id="3" author="martijn">
        <createTable tableName="otherMessage">
            <column name="id" type="int">  
                <constraints  primaryKey="true" nullable="false"/>  
            </column>
            <column name="message" type="VARCHAR(30)">
                <constraints nullable="false"/>
            </column>
        </createTable>
    </changeSet>
	<changeSet id="4" author="liquibase-docs">
        <addAutoIncrement
            tableName="otherMessage"
            columnDataType="int"
            columnName="id"
            incrementBy="1"
            schemaName="public"
            startWith="1"
            />
    </changeSet>
</databaseChangeLog>