<Module
    xmlns:xsi="http://www.w3.org/2001/XMLSchema-instance"
    xsi:noNamespaceSchemaLocation="./ibisdoc.xsd">
  <Adapter name="HelloDockerWorld">
    <Receiver name="HelloDockerWorld">
      <JavaListener name="HelloDockerWorld"/>
    </Receiver>
    <Pipeline firstPipe="HelloDockerWorld">
      <FixedResultPipe name="HelloDockerWorld" returnString="Hello Docker World">
        <Forward name="success" path="EXIT"/>
      </FixedResultPipe>
      <Exit path="EXIT" state="success"/>
    </Pipeline>
  </Adapter>
</Module>