<Module
  xmlns:xsi="http://www.w3.org/2001/XMLSchema-instance"
  xsi:noNamespaceSchemaLocation="../FrankConfig.xsd">
  <Adapter name="adapterToConscience">
    <Receiver name="receiverToConscience">
      <ApiListener 
      name="listenerToConscience"
      uriPattern="adapter/hermes/address"
      method="GET"
      allowAllParams="false"/>
    </Receiver>
    <Pipeline firstPipe="pipeTranslateRequest">
      <Exits>
        <Exit name="Exit" state="SUCCESS" code="200"/>
      </Exits>
      <XsltPipe
      name="pipeTranslateRequest"
      styleSheetName="hermesRequest2ConscienceRequest.xsl"
      xsltVersion="2">
        <Forward name="success" path="pipeCallConscience"/>
      </XsltPipe>
      <SenderPipe name="pipeCallConscience">
        <HttpSender
          name="senderCallConscience"
          url="http://localhost/conscience/address"
          methodType="GET">
        </HttpSender>
        <Forward name="success" path="pipeTranslateAddress"/>
      </SenderPipe>
      <XsltPipe
      name="pipeTranslateAddress"
      styleSheetName="conscienceAddress2HermesAddress.xsl"
      xsltVersion="2">
        <Forward name="success" path="Exit"/>
      </XsltPipe>
    </Pipeline>
  </Adapter>
</Module>