<Module
    xmlns:xsi="http://www.w3.org/2001/XMLSchema-instance"
    xsi:noNamespaceSchemaLocation="../FrankConfig.xsd">
  <Adapter name="IngestBooking">
    <Receiver name="input">
      <ApiListener
          name="inputListener"
          uriPattern="booking"
          method="POST"/>
    </Receiver>
    <Pipeline firstPipe="checkInput">
      <Exit path="Exit" state="SUCCESS" code="201" />
      <Exit path="ServerError" state="ERROR" code="500" />
      <XmlValidatorPipe
          name="checkInput"
          root="booking"
          schema="booking.xsd">
        <Forward name="SUCCESS" path="Exit" />
        <Forward name="FAILURE" path="makeInvalidBookingError" />
      </XmlValidatorPipe>
      <FixedResultPipe
          name="makeInvalidBookingError"
          returnString="Input booking does not satisfy booking.xsd">
        <Forward name="SUCCESS" path="ServerError"/>
      </FixedResultPipe>
    </Pipeline>
  </Adapter>
</Module>