<Configuration name="gettingStartedExample">
    <jmsRealms>
            <jmsRealm datasourceName="jdbc/${instance.name.lc}" realmName="jdbc"/>
    </jmsRealms>
    <Adapter name="HelloDockerWorld">
            <Receiver name="HelloDockerWorld">
                    <JavaListener name="HelloDockerWorld"/>
            </Receiver>
            <Pipeline firstPipe="HelloDockerWorld">
                    <FixedResultPipe name="HelloDockerWorld" returnString="Hello Docker World">
                            <Forward name="success" path="EXIT"/>
                    </FixedResultPipe>
                    <Exit path="EXIT" state="success"/>
            </Pipeline>
    </Adapter>
</Configuration>