<Module
xmlns:xsi="http://www.w3.org/2001/XMLSchema-instance"
xsi:noNamespaceSchemaLocation="../FrankConfig.xsd">
  <Adapter name="externalArchive">
    <Receiver name="externalArchive">
      <JavaListener name="externalArchive"
          serviceName="archive"/>
    </Receiver>
    <Pipeline firstPipe="externalArchive">
      <Exits>
          <Exit name="Exit" state="SUCCESS" code="200" />
      </Exits>
      <EchoPipe name="externalArchive"
        getInputFromFixedValue="&lt;docid&gt;docid-12345&lt;/docid&gt;"/>
    </Pipeline>
  </Adapter>
  <Adapter name="externalGet">
    <Receiver name="externalGet">
      <JavaListener name="externalGet"
          serviceName="get"/>
    </Receiver>
    <Pipeline firstPipe="externalGet">
      <Exits>
          <Exit name="Exit" state="SUCCESS" code="200"/>
      </Exits>
      <EchoPipe name="externalGet"
        getInputFromFixedValue="&lt;document&gt;This is the document&lt;/document&gt;"/>
    </Pipeline>
  </Adapter>
</Module>