<Module
xmlns:xsi="http://www.w3.org/2001/XMLSchema-instance"
xsi:noNamespaceSchemaLocation="../FrankConfig.xsd">
  <Adapter name="externalArchive">
    <Receiver name="externalArchive">
      <JavaListener name="externalArchive"
          serviceName="archive"/>
    </Receiver>
    <Pipeline firstPipe="getArchiveTime">
      <Exits>
        <Exit name="Exit" state="SUCCESS" code="200" />
      </Exits>
      <PutSystemDateInSessionPipe name="getArchiveTime"
          sessionKey="archiveTime"/>
      <XsltPipe name="externalArchive"
          xpathExpression="concat('&lt;result&gt;&lt;docid&gt;docid-12345&lt;/docid&gt;&lt;archiveTime&gt;', $archiveTime, '&lt;/archiveTime&gt;&lt;/result&gt;')">
        <Param name="archiveTime" sessionKey="archiveTime" />
      </XsltPipe>
    </Pipeline>
  </Adapter>
  <Adapter name="externalGet">
    <Receiver name="externalGet">
      <JavaListener name="externalGet"
          serviceName="get"/>
    </Receiver>
    <Pipeline firstPipe="getRetrievalTime">
      <Exits>
        <Exit name="Exit" state="SUCCESS" code="200"/>
      </Exits>
      <PutSystemDateInSessionPipe name="getRetrievalTime"
          sessionKey="retrievalTime"/>
      <XsltPipe name="externalGet"
          xpathExpression="concat('&lt;result&gt;&lt;document&gt;This is the document&lt;/document&gt;&lt;retrievalTime&gt;', $retrievalTime, '&lt;/retrievalTime&gt;&lt;/result&gt;')">
        <Param name="retrievalTime" sessionKey="retrievalTime" />
      </XsltPipe>      
    </Pipeline>
  </Adapter>
</Module>