<Module>
  <Adapter name="sutArchive">
    <Receiver name="sutArchive">
      <ApiListener name="sutArchive"
          uriPattern="archive"
          method="POST"/>
    </Receiver>
    <Pipeline firstPipe="sutArchiveSenderPipe">
      <Exit state="success" path="Exit" code="200"/>
      <SenderPipe name="sutArchiveSenderPipe">
        <IbisJavaSender name="sutArchiveSender"
            serviceName="archive"/>
      </SenderPipe>
    </Pipeline>
  </Adapter>
  <Adapter name="sutGet">
    <Receiver name="sutGet">
      <ApiListener name="sutGet"
          uriPattern="get"
          method="POST"/>
    </Receiver>
    <Pipeline firstPipe="sutGetSenderPipe">
      <Exit state="success" path="Exit" code="200"/>
      <SenderPipe name="sutGetSenderPipe">
        <IbisJavaSender name="sutGetSender"
            serviceName="get"/>
      </SenderPipe>
    </Pipeline>
  </Adapter>
</Module>