<Module
xmlns:xsi="http://www.w3.org/2001/XMLSchema-instance"
xsi:noNamespaceSchemaLocation="../FrankConfig.xsd">
  <Adapter name="sutArchive">
    <Receiver name="sutArchive">
      <ApiListener name="sutArchive"
          uriPattern="archive"
          method="POST"/>
    </Receiver>
    <Pipeline firstPipe="sutArchive">
      <Exits>
          <Exit name="Exit" state="SUCCESS" code="200"/>
      </Exits>
      <SenderPipe name="sutArchive">
        <IbisJavaSender name="sutArchiveSender"
            serviceName="archive"/>
      </SenderPipe>
    </Pipeline>
  </Adapter>
  <Adapter name="sutGet">
    <Receiver name="sutGet">
      <ApiListener name="sutGet"
          uriPattern="get"
          method="POST"/>
    </Receiver>
    <Pipeline firstPipe="sutGet">
      <Exits>
          <Exit name="Exit" state="SUCCESS" code="200"/>
      </Exits>
      <SenderPipe name="sutGet">
        <IbisJavaSender name="sutGetSender"
            serviceName="get"/>
      </SenderPipe>
    </Pipeline>
  </Adapter>
</Module>