<Module
    xmlns:xsi="http://www.w3.org/2001/XMLSchema-instance"
    xsi:noNamespaceSchemaLocation="../FrankConfig.xsd">
  <Adapter name="IngestBooking">
    <Receiver name="input">
      <ApiListener
          name="inputListener"
          uriPattern="booking"
          method="POST"/>
    </Receiver>
    <Pipeline firstPipe="checkInput">
      <Exit path="Exit" state="SUCCESS" code="201" />
      <Exit path="ServerError" state="ERROR" code="500" />
      <XmlValidatorPipe
          name="checkInput"
          root="booking"
          schema="booking.xsd">
        <Forward name="SUCCESS" path="insertBooking" />
        <Forward name="FAILURE" path="makeInvalidBookingError" />
      </XmlValidatorPipe>
      <FixedResultPipe
          name="makeInvalidBookingError"
          returnString="Input booking does not satisfy booking.xsd">
        <Forward name="SUCCESS" path="ServerError"/>
      </FixedResultPipe>
      <SenderPipe
          name="insertBooking">
        <FixedQuerySender
            name="insertBookingSender"
            query="INSERT INTO booking VALUES(?, ?, ?, ?)"
            datasourceName="jdbc/${instance.name.lc}">
          <Param name="id" xpathExpression="/booking/@id" />
          <Param name="travelerId" xpathExpression="/booking/travelerId" />
          <Param name="price" xpathExpression="/booking/price" />
          <Param name="fee" xpathExpression="/booking/fee" />
        </FixedQuerySender>
        <Forward name="SUCCESS" path="Exit" />
        <Forward name="EXCEPTION" path="ServerError" />
      </SenderPipe>
    </Pipeline>
  </Adapter>
</Module>