<Configuration
    xmlns:xsi="http://www.w3.org/2001/XMLSchema-instance"
    xsi:noNamespaceSchemaLocation="../FrankConfig.xsd">
  <Adapter name="IngestBooking">
    <Receiver name="input">
      <ApiListener
          name="inputListener"
          uriPattern="booking"
          allowAllParams="false"
          method="POST"/>
    </Receiver>
    <Pipeline firstPipe="checkInput">
      <Exits>
        <Exit name="Exit" state="SUCCESS" code="201" />
        <Exit name="BadRequest" state="ERROR" code="400" />  
      </Exits>
      <XmlValidatorPipe
          name="checkInput"
          root="booking"
          schema="booking.xsd">
        <Forward name="success" path="insertBooking" />
        <Forward name="failure" path="makeInvalidBookingError" />
      </XmlValidatorPipe>
      <EchoPipe
          name="makeInvalidBookingError"
          getInputFromFixedValue="Input booking does not satisfy booking.xsd">
        <Forward name="success" path="BadRequest"/>
      </EchoPipe>
      <SenderPipe
          name="insertBooking">
        <FixedQuerySender
            name="insertBookingSender"
            query="INSERT INTO booking VALUES(?, ?, ?, ?)"
            datasourceName="jdbc/${instance.name.lc}">
          <Param name="id" xpathExpression="/booking/@id" />
          <Param name="travelerId" xpathExpression="/booking/travelerId" />
          <Param name="price" xpathExpression="/booking/price" />
          <Param name="fee" xpathExpression="/booking/fee" />
        </FixedQuerySender>
        <Forward name="success" path="Exit" />
      </SenderPipe>
    </Pipeline>
  </Adapter>
</Configuration>