<?xml version="1.0" encoding="UTF-8"?>

<databaseChangeLog
        xmlns="http://www.liquibase.org/xml/ns/dbchangelog"
        xmlns:xsi="http://www.w3.org/2001/XMLSchema-instance"
        xmlns:ext="http://www.liquibase.org/xml/ns/dbchangelog-ext"
        xsi:schemaLocation="http://www.liquibase.org/xml/ns/dbchangelog http://www.liquibase.org/xml/ns/dbchangelog/dbchangelog-3.0.xsd
        http://www.liquibase.org/xml/ns/dbchangelog-ext http://www.liquibase.org/xml/ns/dbchangelog/dbchangelog-ext.xsd">
    <changeSet id="1" author="martijn">
        <createTable tableName="booking">
            <column name="id" type="int">  
                <constraints  primaryKey="true" nullable="false"/>  
            </column>
            <column name="travelerId" type="int">
                <constraints nullable="false"/>
            </column>
            <column name="price" type="decimal">
                <constraints nullable="false" />
            </column>
            <column name="fee" type="decimal">
                <constraints nullable="false" />
            </column>
        </createTable>
    </changeSet>
    <changeSet id="2" author="martijn">
        <createTable tableName="visit">
            <column name="bookingId" type="int">
                <constraints nullable="false"/>
            </column>
            <column name="seq" type="int">
                <constraints nullable="false"/>
            </column>
            <column name="hostId" type="int">
                <constraints nullable="false"/>
            </column>
            <column name="productId" type="int">
                <constraints nullable="false"/>
            </column>
            <column name="startDate" type="date">
                <constraints nullable="false"/>
            </column>
            <column name="endDate" type="date">
                <constraints nullable="false"/>
            </column>
            <column name="price" type="decimal">
                <constraints nullable="false"/>
            </column>
        </createTable>
    </changeSet>
    <changeSet id="3" author="martijn">
        <addPrimaryKey tableName="visit" columnNames="bookingId, seq" />
    </changeSet>
    <changeSet id="4" author="martijn">
        <addForeignKeyConstraint
            constraintName="FK_VISIT_BOOKING"
            baseTableName="visit"
            baseColumnNames="bookingId"
            referencedTableName="booking"
            referencedColumnNames="id" />
    </changeSet>
</databaseChangeLog>