<?xml version="1.0" encoding="UTF-8" ?>
<!DOCTYPE configuration [
  <!ENTITY external SYSTEM "externalBasic.xml">
]>
<Configuration
    xmlns:xsi="http://www.w3.org/2001/XMLSchema-instance"
    xsi:noNamespaceSchemaLocation="ibisdoc.xsd"
    name="ladybug">
  <jmsRealms>
    <jmsRealm realmName="jdbc" datasourceName="jdbc/${instance.name.lc}"/>
  </jmsRealms>
  &external;
  <Adapter name="sutArchive">
    <Receiver name="sutArchive">
      <ApiListener name="sutArchive"
          uriPattern="archive"
          method="POST"/>
    </Receiver>
    <Pipeline firstPipe="sutArchive">
      <Exit state="success" path="Exit" code="200"/>
      <SenderPipe name="sutArchive">
        <IbisJavaSender name="sutArchiveSender"
            serviceName="archive"/>
      </SenderPipe>
    </Pipeline>
  </Adapter>
  <Adapter name="sutGet">
    <Receiver name="sutGet">
      <ApiListener name="sutGet"
          uriPattern="get"
          method="POST"/>
    </Receiver>
    <Pipeline firstPipe="sutGet">
      <Exit state="success" path="Exit" code="200"/>
      <SenderPipe name="sutGet">
        <IbisJavaSender name="sutGetSender"
            serviceName="get"/>
      </SenderPipe>
    </Pipeline>
  </Adapter>
  <Adapter/>
</Configuration>