<Configuration
    xmlns:xsi="http://www.w3.org/2001/XMLSchema-instance"
    xsi:noNamespaceSchemaLocation="../FrankConfig.xsd"
    >
    <Adapter name="Client">
        <Receiver>
            <JavaListener name="client" />
        </Receiver>
        <Pipeline>
            <SenderPipe name="callServer">
                <HttpSender name="callServer"
                    url="http://frank-authorization-server:8080/api/server"
                    authAlias="myAlias">
                </HttpSender>
            </SenderPipe>
        </Pipeline>
    </Adapter>
</Configuration>